,precision,recall,f1-score,support
Negative,0.35020839121978325,0.2364550502776527,0.28230340224427175,26652.0
Neutral,0.15703971119133575,0.22306225757675366,0.18431702746014067,30422.0
Positive,0.8525720330213628,0.8366686525129983,0.8445454814659581,221568.0
accuracy,0.712265200508179,0.712265200508179,0.712265200508179,0.712265200508179
macro avg,0.4532733784774939,0.4320619867891349,0.43705530372345686,278642.0
weighted avg,0.7285832586226405,0.712265200508179,0.7186838169531373,278642.0
