,precision,recall,f1-score,support
Negative,0.33851562929187495,0.23120216118865375,0.27475197859770367,26652.0
Neutral,0.14939999247639468,0.2610853630476942,0.19004892988311858,30423.0
Positive,0.8561442272437815,0.8009143507026871,0.827608881178561,221578.0
accuracy,0.6874858695223091,0.6874858695223091,0.6874858695223091,0.6874858695223091
macro avg,0.44801994967068365,0.431067291646345,0.43080326321979445,278653.0
weighted avg,0.7294737185934442,0.6874858695223091,0.7051223887817584,278653.0
