,precision,recall,f1-score,support
Negative,0.33690941760913223,0.23919405673120217,0.2797647781629877,26652.0
Neutral,0.14865147397031153,0.233704762843901,0.18171827278187422,30423.0
Positive,0.8526056979438511,0.8153697569253265,0.8335720992251066,221578.0
accuracy,0.696755462887534,0.696755462887534,0.696755462887534,0.696755462887534
macro avg,0.44605552984109825,0.42942285883347653,0.4316850500566562,278653.0
weighted avg,0.7264246174622919,0.696755462887534,0.709434115127214,278653.0
