,precision,recall,f1-score,support
Negative,0.3873,0.14531742458352093,0.21133908108698024,26652.0
Neutral,0.16661928789709332,0.3082637564920124,0.2163172098816691,30422.0
Positive,0.8501728213676905,0.8148333694396303,0.8321280587012533,221568.0
accuracy,0.6954873996023572,0.6954873996023572,0.6954873996023572,0.6954873996023572
macro avg,0.4680307030882613,0.4228048501717212,0.4199281165566342,278642.0
weighted avg,0.7312691671076212,0.6954873996023572,0.7055158987463112,278642.0
