,precision,recall,f1-score,support
Negative,0.4733654407472271,0.24339636800240133,0.3214887501238973,26652.0
Neutral,0.18159225445696633,0.34585675311442,0.23814589321684812,30423.0
Positive,0.8764190409939808,0.8187816479975449,0.8466204991320254,221578.0
accuracy,0.7121150678442364,0.7121150678442364,0.7121150678442364,0.7121150678442364
macro avg,0.5104589120660581,0.4693449230381221,0.46875171415759026,278653.0
weighted avg,0.7620082868280753,0.7121150678442364,0.7299613054024691,278653.0
