,precision,recall,f1-score,support
Negative,0.46260789352309417,0.2634323878132973,0.3357001123622367,26652.0
Neutral,0.18274242966853688,0.30190973934194526,0.22767552828902524,30423.0
Positive,0.8709231101147205,0.8380480011553494,0.8541693499420413,221578.0
accuracy,0.7245534769049679,0.7245534769049679,0.7245534769049679,0.7245534769049679
macro avg,0.5054244777687839,0.46779670943686397,0.47251499686443443,278653.0
weighted avg,0.7567347181224782,0.7245534769049679,0.7361800813674102,278653.0
