,precision,recall,f1-score,support
Negative,0.4,0.15128320576316975,0.21953609931394968,26652.0
Neutral,0.16601646415866086,0.3175229267330638,0.21803408193206184,30423.0
Positive,0.8529512420027948,0.8098683082255459,0.8308516450444945,221578.0
accuracy,0.6931237058276781,0.6931237058276781,0.6931237058276781,0.6931237058276781
macro avg,0.47298923538715193,0.42622481357392655,0.42280727543016866,278653.0
weighted avg,0.7346296260567596,0.6931237058276781,0.7054751709086338,278653.0
