,precision,recall,f1-score,support
Negative,0.49841204794590716,0.6084292146073037,0.547952919975221,7996.0
Neutral,0.2599927763062846,0.47063310450038137,0.33494900926751714,9177.0
Positive,0.9377676028031666,0.8078770268439198,0.8679898416395723,66421.0
accuracy,0.7517764432854033,0.7517764432854033,0.7517764432854033,0.7517764432854033
macro avg,0.5653908090184528,0.6289797819838684,0.5836305902941035,83594.0
weighted avg,0.821335483280228,0.7517764432854033,0.7788598688627402,83594.0
