,precision,recall,f1-score,support
Negative,0.578476821192053,0.43387557432012913,0.4958490030511602,8053.0
Neutral,0.2895992366412214,0.32949734013679294,0.30826265806713726,9211.0
Positive,0.8898795324427481,0.899861295380533,0.8948425787106445,66328.0
accuracy,0.7921212556225476,0.7921212556225476,0.7921212556225476,0.7921212556225476
macro avg,0.5859851967586742,0.5544114032791517,0.5663180799429807,83592.0
weighted avg,0.7937350707917562,0.7921212556225476,0.79176952251109,83592.0
