,precision,recall,f1-score,support
Negative,0.4570464307629372,0.5588345629611104,0.5028410689170184,7997.0
Neutral,0.23487078835459602,0.4694344557044786,0.3130927722664341,9177.0
Positive,0.9302208201892744,0.7769229611116966,0.8466889807704929,66421.0
accuracy,0.7223039655481788,0.7223039655481788,0.7223039655481788,0.7223039655481788
macro avg,0.5407126797689359,0.6017306599257618,0.5542076073179818,83595.0
weighted avg,0.8086202120860475,0.7223039655481788,0.7552174315566167,83595.0
