,precision,recall,f1-score,support
Negative,0.4032626427406199,0.6182318369388521,0.48812756084316533,7997.0
Neutral,0.19875262170217464,0.39239402854963495,0.26385784942297125,9177.0
Positive,0.9246857207283387,0.7408650878487225,0.822631605342784,66421.0
accuracy,0.6908786410670494,0.6908786410670494,0.6908786410670494,0.6908786410670494
macro avg,0.5089003283903777,0.5838303177790699,0.5248723385363069,83595.0
weighted avg,0.7951120811035897,0.6908786410670494,0.7292899509144143,83595.0
