,precision,recall,f1-score,support
Negative,0.45782271241830064,0.5648229809751796,0.5057250831970219,7937.0
Neutral,0.23541313501394434,0.4631522323830016,0.31216010441592346,9295.0
Positive,0.9286151740038908,0.7768334764853909,0.845970183542694,66363.0
accuracy,0.7218254680303846,0.7218254680303846,0.7218254680303846,0.7218254680303846
macro avg,0.5406170071453786,0.601602896614524,0.5546184570518798,83595.0
weighted avg,0.806837642811638,0.7218254680303846,0.7543105143408646,83595.0
