,precision,recall,f1-score,support
Negative,0.49627738778983194,0.5835417708854427,0.5363834923554431,7996.0
Neutral,0.25614138438880707,0.4737931785986706,0.33251758947690424,9177.0
Positive,0.9341944279372182,0.804736667770785,0.8646466934127086,66418.0
accuracy,0.7472455168618631,0.7472455168618631,0.7472455168618631,0.7472455168618631
macro avg,0.562204400038619,0.6206905390849661,0.5778492584150187,83591.0
weighted avg,0.8178651887408661,0.7472455168618631,0.7748267206587904,83591.0
