,precision,recall,f1-score,support
Negative,0.4052442411370691,0.6203576341127923,0.4902416127279015,7997.0
Neutral,0.1998685795641222,0.39773346409502014,0.2660446809286052,9177.0
Positive,0.9243562939104556,0.738847653603529,0.8212564428676618,66421.0
accuracy,0.6900651952867994,0.6900651952867994,0.6900651952867994,0.6900651952867994
macro avg,0.5098230382038823,0.5856462506037805,0.5258475788413896,83595.0
weighted avg,0.7951624086232365,0.6900651952867994,0.7286396124837586,83595.0
