,precision,recall,f1-score,support
Negative,0.585753111142898,0.5107258667997007,0.5456725964421346,8018.0
Neutral,0.31257231006556113,0.3543556672860422,0.3321551150043543,9149.0
Positive,0.9048316472897479,0.9021618041128474,0.9034947533470028,66426.0
accuracy,0.8046606773294415,0.8046606773294415,0.8046606773294415,0.8046606773294415
macro avg,0.6010523561660689,0.5890811127328633,0.5937741549311639,83593.0
weighted avg,0.8094055664086988,0.8046606773294415,0.8066420933723623,83593.0
