,precision,recall,f1-score,support
Negative,0.6003007518796992,0.4994370073814588,0.5452434610394045,7993.0
Neutral,0.3136414651566167,0.33182210708117443,0.32247574088644115,9264.0
Positive,0.8984005004021088,0.9093156466686765,0.9038251202373281,66340.0
accuracy,0.8061294065576516,0.8061294065576516,0.8061294065576516,0.8061294065576516
macro avg,0.6041142391461416,0.5801915870437698,0.5905147740543912,83597.0
weighted avg,0.8050966857621832,0.8061294065576516,0.805116268815918,83597.0
