,precision,recall,f1-score,support
Negative,0.5192231990552421,0.49481055395773416,0.5067230119093353,7997.0
Neutral,0.25918997287438034,0.3019505284951509,0.27894101067042487,9177.0
Positive,0.8951488136268247,0.879812107616567,0.8874142015428537,66421.0
accuracy,0.779544231114301,0.779544231114301,0.779544231114301,0.779544231114301
macro avg,0.5578539951854823,0.5588577300231506,0.5576927413742047,83595.0
weighted avg,0.789371297970217,0.779544231114301,0.7841981489543552,83595.0
