,precision,recall,f1-score,support
Negative,0.5020175892395241,0.5983475151066716,0.545966017778778,8109.0
Neutral,0.2579854049527455,0.471211624603955,0.3334235244095705,9153.0
Positive,0.9347153519428082,0.8061870590363626,0.8657066770274316,66332.0
accuracy,0.7493480393329665,0.7493480393329665,0.7493480393329665,0.7493480393329665
macro avg,0.5649061153783593,0.625248732915663,0.5816987397385933,83594.0
weighted avg,0.8186441582858355,0.7493480393329665,0.7764088242896919,83594.0
