,precision,recall,f1-score,support
Negative,0.3584600452927855,0.41570785392696347,0.38496728241357353,7996.0
Neutral,0.1724978336221837,0.34706331045003813,0.2304547592344705,9177.0
Positive,0.8991817807458865,0.7561618260385142,0.821493416210027,66417.0
accuracy,0.678681660485704,0.678681660485704,0.678681660485704,0.678681660485704
macro avg,0.4767132198869519,0.5063109968051719,0.47897181928602367,83590.0
weighted avg,0.76767813701533,0.678681660485704,0.7148487850232688,83590.0
