,precision,recall,f1-score,support
Negative,0.4682532389966002,0.6373186593296648,0.5398591027067111,7996.0
Neutral,0.24317506586692078,0.4727034978751226,0.3211430263547527,9177.0
Positive,0.9432101915471396,0.7792014213014544,0.8533973138093942,66418.0
accuracy,0.7319807156272804,0.7319807156272804,0.7319807156272804,0.7319807156272804
macro avg,0.5515461654702202,0.629741192835414,0.5714664809569526,83591.0
weighted avg,0.8209245610251757,0.7319807156272804,0.7649721348792666,83591.0
