,precision,recall,f1-score,support
Negative,0.35611620795107035,0.29123421282981116,0.3204237463025383,7997.0
Neutral,0.17331330237639989,0.2765609676364825,0.21308929096175647,9177.0
Positive,0.8657287978080787,0.8134626097168064,0.8387822901142573,66421.0
accuracy,0.7045636700759614,0.7045636700759614,0.7045636700759614,0.7045636700759614
macro avg,0.4650527693785163,0.4604192633943667,0.4574317757928507,83595.0
weighted avg,0.7409645310138564,0.7045636700759614,0.7205061022072674,83595.0
