,precision,recall,f1-score,support
Negative,0.3947191011235955,0.4392897336501188,0.4158134580102977,7997.0
Neutral,0.20312267657992564,0.5954015473466274,0.30290766970646116,9177.0
Positive,0.9445757924469087,0.6796946748769215,0.7905372277089026,66421.0
accuracy,0.6474430288892876,0.6474430288892876,0.6474430288892876,0.6474430288892876
macro avg,0.5141391900501433,0.5714619852912226,0.5030861184752204,83595.0
weighted avg,0.8105783140711226,0.6474430288892876,0.701158168673456,83595.0
