,precision,recall,f1-score,support
Negative,0.28270725388601037,0.32749781167937975,0.3034586640403221,7997.0
Neutral,0.1445549508976043,0.2518252152119429,0.18367509140041333,9177.0
Positive,0.8702180172768408,0.7643968022161666,0.8138820983448884,66421.0
accuracy,0.6663317184042108,0.6663317184042108,0.6663317184042108,0.6663317184042108
macro avg,0.4324934073534852,0.4479066097024964,0.4336719512618747,83595.0
weighted avg,0.7343518346702408,0.6663317184042108,0.6958694671245634,83595.0
