,precision,recall,f1-score,support
Negative,0.5511262596324837,0.46504939352257096,0.5044421837911156,7997.0
Neutral,0.29559375617466904,0.3260324724855617,0.31006787916472356,9177.0
Positive,0.8955414012738854,0.8996401740413423,0.8975861084824178,66421.0
accuracy,0.7950954004426102,0.7950954004426102,0.7950954004426102,0.7950954004426102
macro avg,0.5807538056936794,0.5635740133498249,0.5706987238127523,83595.0
weighted avg,0.7967315750069819,0.7950954004426102,0.7954792030908893,83595.0
