,precision,recall,f1-score,support
Negative,0.5002084201750729,0.6003001500750376,0.5457025920873124,7996.0
Neutral,0.2580916857177235,0.4674730304020922,0.33257102988487924,9177.0
Positive,0.9360326285883603,0.8085609322773947,0.8676398122642195,66418.0
accuracy,0.7511933102846,0.7511933102846,0.7511933102846,0.7511933102846
macro avg,0.5647775781603857,0.6254447042515081,0.5819711447454704,83591.0
weighted avg,0.8199158887097074,0.7511933102846,0.7781022277344286,83591.0
