,precision,recall,f1-score,support
Negative,0.2882860252867789,0.4305902951475738,0.34535332764933047,7996.0
Neutral,0.13772318890026158,0.2639206712433257,0.18099615140305647,9177.0
Positive,0.8864430920626699,0.7215321378562717,0.7955311343149786,66417.0
accuracy,0.6434621366192128,0.6434621366192128,0.6434621366192128,0.6434621366192128
macro avg,0.4374841020832368,0.47201436808239033,0.4406268711224552,83590.0
weighted avg,0.7470260989144291,0.6434621366192127,0.6850010555940642,83590.0
