,precision,recall,f1-score,support
Negative,0.5717272434866516,0.4452097683155917,0.5005984651130043,7985.0
Neutral,0.2837664714494876,0.3384632176380703,0.3087108013937283,9162.0
Positive,0.8932936006260912,0.8933070451364328,0.8933003228306757,66443.0
accuracy,0.7896877616939826,0.7896877616939826,0.7896877616939826,0.7896877616939826
macro avg,0.5829291051874101,0.5589933436966983,0.5675365297791362,83590.0
weighted avg,0.7957676415487558,0.7896877616939826,0.7917124112469824,83590.0
