,precision,recall,f1-score,support
Negative,0.6144596886079852,0.5021415973796927,0.5526516464471404,7938.0
Neutral,0.31271370842399754,0.32940406024885394,0.32084197097751554,9162.0
Positive,0.8980299728732156,0.9110212183641859,0.904478948939982,66499.0
accuracy,0.8084546465866816,0.8084546465866816,0.8084546465866816,0.8084546465866816
macro avg,0.6084011233017327,0.5808556253309108,0.592657522121546,83599.0
weighted avg,0.8069565326241561,0.8084546465866816,0.8071083210702672,83599.0
