,precision,recall,f1-score,support
Negative,0.5968957871396896,0.5050025012506253,0.5471174039699207,7996.0
Neutral,0.3138138138138138,0.3416149068322981,0.32712474565659727,9177.0
Positive,0.9019285147892697,0.9076045226660243,0.9047576166891791,66421.0
accuracy,0.8069598296528459,0.8069598296528459,0.8069598296528459,0.8069598296528459
macro avg,0.6042127052475911,0.5847406435829826,0.5929999221052323,83594.0
weighted avg,0.8081876924678376,0.8069598296528459,0.80713544286846,83594.0
