,precision,recall,f1-score,support
Negative,0.5025125628140703,0.6003001500750376,0.5470708912696604,7996.0
Neutral,0.2559438896814075,0.469216519559769,0.33121803007576633,9177.0
Positive,0.9373055545845422,0.8074288209343993,0.8675332238678002,66417.0
accuracy,0.750484507716234,0.750484507716234,0.750484507716234,0.750484507716234
macro avg,0.5652540023600067,0.6256484968564019,0.5819407150710756,83590.0
weighted avg,0.8209105221522806,0.750484507716234,0.7779988137124679,83590.0
