,precision,recall,f1-score,support
Negative,0.4146562670052603,0.5717143928973365,0.4806812805551175,7997.0
Neutral,0.19766407119021134,0.3872725291489594,0.261737305298818,9177.0
Positive,0.9147447287915148,0.7517953659234279,0.8253036939095942,66421.0
accuracy,0.6945511095161194,0.6945511095161194,0.6945511095161194,0.6945511095161194
macro avg,0.5090216889956621,0.5702607626565745,0.5225740932545099,83595.0
weighted avg,0.7881838504649182,0.6945511095161194,0.73046794789755,83595.0
