,precision,recall,f1-score,support
Negative,0.5902206836867157,0.5117558779389695,0.5481947886663541,7996.0
Neutral,0.3110213502596653,0.3524027459954233,0.3304214559386974,9177.0
Positive,0.9043508443626156,0.9021996055464386,0.903273944107805,66421.0
accuracy,0.8044955379572697,0.8044955379572697,0.8044955379572697,0.8044955379572697
macro avg,0.6018642927696655,0.5887860764936105,0.5939633962376188,83594.0
weighted avg,0.8091673439660887,0.8044955379572697,0.8064215359105931,83594.0
