,precision,recall,f1-score,support
Negative,0.3616041339024938,0.40257628814407204,0.38099183335305953,7996.0
Neutral,0.17232056317910524,0.36809414841451454,0.23474635163307853,9177.0
Positive,0.9004447671779976,0.7468118102293088,0.816463926519728,66417.0
accuracy,0.6723052996769948,0.6723052996769948,0.6723052996769948,0.6723052996769948
macro avg,0.47812315475319894,0.5058274155959651,0.4774007038352887,83590.0
weighted avg,0.7689629449053721,0.6723052996769948,0.7109434451021485,83590.0
