,precision,recall,f1-score,support
Negative,0.47080189997205923,0.6323294868186509,0.5397397397397399,10659.0
Neutral,0.24161970361093718,0.4758303189740217,0.32049613776682634,12164.0
Positive,0.9436602396796983,0.7791806293651062,0.8535690006798096,88629.0
accuracy,0.7320281376736173,0.7320281376736173,0.7320281376736173,0.7320281376736173
macro avg,0.5520272810875649,0.6291134783859264,0.5712682927287919,111452.0
weighted avg,0.8218156956276926,0.7320281376736173,0.7653749404849838,111452.0
