,precision,recall,f1-score,support
Negative,0.49814716781365803,0.5884192096048024,0.539533283641993,7996.0
Neutral,0.25558211391593305,0.4777160292034434,0.33300417774401825,9177.0
Positive,0.9357453677709152,0.8029570742430402,0.8642805630059396,66417.0
accuracy,0.7467280775212346,0.7467280775212346,0.7467280775212346,0.7467280775212346
macro avg,0.5631582165001688,0.6230307710170954,0.5789393414639836,83590.0
weighted avg,0.8192135650733987,0.7467280775212346,0.7748894560153574,83590.0
