,precision,recall,f1-score,support
Negative,0.4253971168855018,0.5848270638727594,0.4925317599532238,7922.0
Neutral,0.20412230256789843,0.39056542106983333,0.26811756787076513,9179.0
Positive,0.9171336851841776,0.760535418859979,0.8315258947437657,66490.0
accuracy,0.7032575277242765,0.7032575277242765,0.7032575277242765,0.7032575277242765
macro avg,0.5155510348791926,0.5786426346008572,0.5307250741892515,83591.0
weighted avg,0.7922366439345582,0.7032575277242765,0.7375320847860197,83591.0
