,precision,recall,f1-score,support
Negative,0.4594954881050041,0.5603351256721271,0.5049298552031101,7997.0
Neutral,0.23544497189938343,0.4701972322109622,0.31377254217568357,9177.0
Positive,0.9302183154405937,0.7774950693304828,0.8470275634138941,66421.0
accuracy,0.7229858245110353,0.7229858245110353,0.7229858245110353,0.7229858245110353
macro avg,0.5417195918149939,0.6026758090711907,0.5552433202642293,83595.0
weighted avg,0.8089155410655666,0.7229858245110353,0.7557609003064749,83595.0
