,precision,recall,f1-score,support
Negative,0.4711711711711712,0.637864715264096,0.5419905137709753,10659.0
Neutral,0.24236024844720497,0.4811739559355475,0.32235501459492205,12164.0
Positive,0.9448614675248042,0.7768763821817033,0.8526740103653893,88628.0
accuracy,0.7313079290450512,0.7313079290450512,0.7313079290450512,0.7313079290450512
macro avg,0.5527976290477268,0.6319716844604489,0.5723398462437622,111451.0
weighted avg,0.8228859832519553,0.7313079290450512,0.7650805777828926,111451.0
