,precision,recall,f1-score,support
Negative,0.582968507272984,0.5162581290645323,0.5475890429130463,7996.0
Neutral,0.31914212548015364,0.32592350441320694,0.3224971696587417,9177.0
Positive,0.9022908040156097,0.9120720286669276,0.9071550510647219,66418.0
accuracy,0.8098599131485447,0.8098599131485447,0.8098599131485447,0.8098599131485447
macro avg,0.6014671455895825,0.5847512207148889,0.5924137545455034,83591.0
weighted avg,0.8077249236256884,0.8098599131485447,0.8085739217703783,83591.0
