,precision,recall,f1-score,support
Negative,0.5843353373413493,0.43315177024015844,0.49751173041376373,8078.0
Neutral,0.2826689609023994,0.33083463862161555,0.3048610753131604,8938.0
Positive,0.8910566684041998,0.898645198113491,0.8948348451650052,66578.0
accuracy,0.7929516472474101,0.7929516472474101,0.7929516472474101,0.7929516472474101
macro avg,0.5860203222159829,0.5542105356584216,0.5657358836306431,83594.0
weighted avg,0.7963672858889859,0.7929516472474101,0.7933591211190651,83594.0
