,precision,recall,f1-score,support
Negative,0.3582954723484255,0.285982243341253,0.3180806675938804,7997.0
Neutral,0.17570664629488159,0.2756892230576441,0.2146250424160163,9177.0
Positive,0.8650120198048175,0.8180244199876545,0.8408623117755388,66421.0
accuracy,0.7075901668760093,0.7075901668760093,0.7075901668760093,0.7075901668760093
macro avg,0.46633804614937485,0.4598986287955172,0.4578560072618118,83595.0
weighted avg,0.7408662258852116,0.7075901668760093,0.7221032444936074,83595.0
