,precision,recall,f1-score,support
Negative,0.27899686520376177,0.34500437664124045,0.3085094487308509,7997.0
Neutral,0.14140127388535031,0.2540045766590389,0.18166939443535188,9177.0
Positive,0.8712186085528041,0.7505457611297631,0.8063926497468498,66421.0
accuracy,0.6572402655661224,0.6572402655661224,0.6572402655661224,0.6572402655661224
macro avg,0.43053891588063875,0.44985157147668087,0.4321904976376842,83595.0
weighted avg,0.7344457039316483,0.6572402655661224,0.69018166496883,83595.0
