,precision,recall,f1-score,support
Negative,0.4941891459643885,0.5796648324162081,0.533525179856115,7996.0
Neutral,0.25298722702925425,0.4683447749809306,0.3285179240235421,9177.0
Positive,0.9320378169617112,0.8030052094311783,0.8627235302205578,66418.0
accuracy,0.7449007668289649,0.7449007668289649,0.7449007668289649,0.7449007668289649
macro avg,0.5597380633184513,0.6170049389427724,0.5749222113667383,83591.0
weighted avg,0.8156056025234972,0.7449007668289649,0.7725861367501591,83591.0
