,precision,recall,f1-score,support
Negative,0.40512318485886767,0.6209828685757159,0.4903480622068625,7997.0
Neutral,0.2008613074204947,0.39642584722676255,0.2666275788779362,9177.0
Positive,0.9247909816815406,0.7410608090814652,0.8227939086973238,66421.0
accuracy,0.6917399365990788,0.6917399365990788,0.6917399365990788,0.6917399365990788
macro avg,0.510258491320301,0.5861565082946479,0.5265898499273742,83595.0
weighted avg,0.7956051931548999,0.6917399365990788,0.7299353903273647,83595.0
