,precision,recall,f1-score,support
Negative,0.43997975708502024,0.5435788420657747,0.48632320859204564,7997.0
Neutral,0.22605118341614575,0.461043914133159,0.30336273033627303,9177.0
Positive,0.9258700316375141,0.7666400686529863,0.8387649379421672,66421.0
accuracy,0.7117530952808182,0.7117530952808182,0.7117530952808182,0.7117530952808182
macro avg,0.53063365737956,0.5904209416173066,0.5428169589568287,83595.0
weighted avg,0.8025623924757965,0.7117530952808182,0.7462730117646181,83595.0
