,precision,recall,f1-score,support
Negative,0.5443288756810302,0.5497748874437218,0.5470383275261324,7996.0
Neutral,0.26951603931021695,0.3167701863354037,0.29123879176476475,9177.0
Positive,0.9030867630700778,0.8801210533447762,0.8914560219604255,66417.0
accuracy,0.7866730470151932,0.7866730470151932,0.7866730470151932,0.7866730470151932
macro avg,0.5723105593537751,0.5822220423746339,0.5765777137504409,83590.0
weighted avg,0.7992118187046385,0.7866730470151932,0.7926145647741331,83590.0
