,precision,recall,f1-score,support
Negative,0.27755819060166886,0.48447681103871215,0.35292475219879943,7827.0
Neutral,0.1641510321154841,0.38625802168621376,0.23039102458340205,9038.0
Positive,0.9006601430663752,0.6510318373609513,0.7557665247671126,65175.0
accuracy,0.6059726962457338,0.6059726962457338,0.6059726962457338,0.6059726962457338
macro avg,0.447456455261176,0.5072555566952924,0.4463607671831047,82040.0
weighted avg,0.760075204905534,0.6059726962457338,0.6594551361206893,82040.0
