,precision,recall,f1-score,support
Negative,0.4260386067981536,0.5084512332540378,0.4636109366973001,7987.0
Neutral,0.21654712743606463,0.3259897480641291,0.2602298450287306,9169.0
Positive,0.898048334855909,0.8144583032055918,0.8542132412768881,66384.0
accuracy,0.7315896576490304,0.7315896576490304,0.7315896576490304,0.7315896576490304
macro avg,0.5135446896967091,0.549633094841253,0.5260180076676396,83540.0
weighted avg,0.7781222363542349,0.7315896576490304,0.7516758416255053,83540.0
