,precision,recall,f1-score,support
Negative,0.5643994211287988,0.5365182591295647,0.5501057895749183,7996.0
Neutral,0.2974282089724369,0.28102865860302934,0.2889959659345585,9177.0
Positive,0.8976217709710483,0.9097985485862267,0.9036691416735834,66418.0
accuracy,0.8050627459894008,0.8050627459894008,0.8050627459894008,0.8050627459894008
macro avg,0.5864831336907613,0.5757818221062735,0.5809236323943534,83591.0
weighted avg,0.799854999096087,0.8050627459894008,0.8023669883659551,83591.0
