,precision,recall,f1-score,support
Negative,0.4649859943977591,0.18684342171085544,0.2665715050405924,7996.0
Neutral,0.17183575406792617,0.34292252370055576,0.228947655596377,9177.0
Positive,0.8647664469974059,0.8080762455395456,0.8354607721046077,66417.0
accuracy,0.6975834429955736,0.6975834429955736,0.6975834429955736,0.6975834429955736
macro avg,0.5005293984876971,0.44594739698365227,0.44365997758052567,83590.0
weighted avg,0.7504505064781977,0.6975834429955736,0.7144557541641853,83590.0
