,precision,recall,f1-score,support
Negative,0.43808630393996245,0.4087782918594473,0.42292515686655024,7997.0
Neutral,0.21625116375297404,0.45559551051541897,0.29329030900354247,9177.0
Positive,0.9112660434162573,0.7792565604251668,0.840107125466645,66421.0
accuracy,0.7082839882768108,0.7082839882768108,0.7082839882768108,0.7082839882768108
macro avg,0.5218678370363979,0.547876787600011,0.5187741971122459,83595.0
weighted avg,0.7897017162763341,0.7082839882768108,0.7401688261954344,83595.0
