,precision,recall,f1-score,support
Negative,0.5220412074748443,0.5450225112556278,0.5332843857072933,7996.0
Neutral,0.25755345857501516,0.32418001525553014,0.28705133153222695,9177.0
Positive,0.9022938876764378,0.8652604001987443,0.8833891843699081,66417.0
accuracy,0.7752243091278861,0.7752243091278861,0.7752243091278861,0.7752243091278861
macro avg,0.5606295179087657,0.5781543089033008,0.5679083005364761,83590.0
weighted avg,0.7951365321464019,0.7752243091278861,0.7844296144979418,83590.0
