,precision,recall,f1-score,support
Negative,0.4694850603941513,0.18471735867933967,0.26512295817626996,7996.0
Neutral,0.17159255484632302,0.3485888634630053,0.22997843278217112,9177.0
Positive,0.8654228895972557,0.8052757577126338,0.8342666396293812,66417.0
accuracy,0.6957770068189975,0.6957770068189975,0.6957770068189975,0.6957770068189975
macro avg,0.50216683494591,0.446193993284993,0.44312267686260737,83590.0
weighted avg,0.7513757563957085,0.6957770068189975,0.7134815486958255,83590.0
