,precision,recall,f1-score,support
Negative,0.5528814882268765,0.5349949647532729,0.5437911841852728,7944.0
Neutral,0.2725225225225225,0.31633986928104574,0.2928009679370841,9180.0
Positive,0.9008353130508084,0.8843133124699085,0.8924978551199994,66464.0
accuracy,0.7887376178398813,0.7887376178398813,0.7887376178398813,0.7887376178398813
macro avg,0.5754131079334025,0.5785493821680757,0.5763633357474521,83588.0
weighted avg,0.7987625681418384,0.7887376178398813,0.7934962852984384,83588.0
