,precision,recall,f1-score,support
Negative,0.47021501586182585,0.6673336668334167,0.5516956162117451,7996.0
Neutral,0.2532118510749869,0.42094366350659257,0.3162116809233414,9177.0
Positive,0.9409504088723546,0.8073384826174022,0.8690388402226851,66417.0
accuracy,0.7515253020696255,0.7515253020696255,0.7515253020696255,0.7515253020696255
macro avg,0.5547924252697224,0.6318719376524705,0.5789820457859238,83590.0
weighted avg,0.820417128008392,0.7515253020696255,0.777990015481908,83590.0
