,precision,recall,f1-score,support
Negative,0.5101154275785031,0.5139427285231962,0.5120219259997508,7997.0
Neutral,0.24523113937102595,0.3109948785005993,0.27422531828008645,9177.0
Positive,0.8955868544600939,0.8615949774920583,0.8782621373378043,66421.0
accuracy,0.7678928165560142,0.7678928165560142,0.7678928165560142,0.7678928165560142
macro avg,0.5503111404698743,0.5621775281719512,0.5548364605392139,83595.0
weighted avg,0.7873156731915436,0.7678928165560142,0.7769155393527204,83595.0
