,precision,recall,f1-score,support
Negative,0.5203944965298917,0.5345172586293147,0.5273613424640632,7996.0
Neutral,0.2575236078016062,0.3179688351313065,0.2845718743904818,9177.0
Positive,0.9009477415023343,0.8687855701767593,0.8845744069290614,66418.0
accuracy,0.7763395580863969,0.7763395580863969,0.7763395580863969,0.7763395580863969
macro avg,0.5596219486112773,0.5737572213124601,0.5655025412612021,83591.0
weighted avg,0.7939074258969314,0.7763395580863969,0.7845337457984533,83591.0
