,precision,recall,f1-score,support
Negative,0.5349946977730647,0.504689258471927,0.519400295991249,7997.0
Neutral,0.2696486971199494,0.27852239293886893,0.2740137221269297,9177.0
Positive,0.8919966352220152,0.8940244802095723,0.8930094065101171,66421.0
accuracy,0.7892098809737425,0.7892098809737425,0.7892098809737425,0.7892098809737425
macro avg,0.5655466767050098,0.5590787105401227,0.5621411415427653,83595.0
weighted avg,0.7895236222219324,0.7892098809737425,0.7893156993218415,83595.0
