,precision,recall,f1-score,support
Negative,0.30181086519114686,0.2063273727647868,0.2450980392156863,7997.0
Neutral,0.14570469798657718,0.2365696850822709,0.1803380819869585,9177.0
Positive,0.8473777440374518,0.806642477529697,0.8265084960161668,66421.0
accuracy,0.6866319755966266,0.6866319755966266,0.6866319755966266,0.6866319755966266
macro avg,0.4316311024050586,0.4165131784589182,0.4173148724062705,83595.0
weighted avg,0.7181576725769245,0.6866319755966266,0.699952537973467,83595.0
