,precision,recall,f1-score,support
Negative,0.3806721093601671,0.5014380392647243,0.4327883006853381,7997.0
Neutral,0.21108561767902428,0.5714285714285714,0.3082892416225749,9177.0
Positive,0.9543738852710606,0.6928230529501211,0.8028332417414666,66421.0
accuracy,0.6611878700879239,0.6611878700879239,0.6611878700879239,0.6611878700879239
macro avg,0.5153772041034174,0.5885632212144724,0.5146369280164599,83595.0
weighted avg,0.8178938382149983,0.6611878700879239,0.713142713806579,83595.0
