,precision,recall,f1-score,support
Negative,0.5313639679066375,0.5466483241620811,0.5388977931204537,7996.0
Neutral,0.2582500221180218,0.3180778032036613,0.28505859375000003,9177.0
Positive,0.9023430792525874,0.8703344023367511,0.8860497555143395,66417.0
accuracy,0.7787414762531403,0.7787414762531403,0.7787414762531403,0.7787414762531403
macro avg,0.5639856897590821,0.5783535099008311,0.5700020474615978,83590.0
weighted avg,0.7961438812666306,0.7787414762531403,0.7868617786892067,83590.0
