,precision,recall,f1-score,support
Negative,0.28549989280354465,0.5102822838165794,0.36614425808816786,7829.0
Neutral,0.16498548442651184,0.37119450902247314,0.22843711677340234,9033.0
Positive,0.9037200504413619,0.6611772303718055,0.7636528317971123,65034.0
accuracy,0.614767510012699,0.614767510012699,0.614767510012699,0.614767510012699
macro avg,0.4514018092238061,0.5142180077369527,0.4527447355528942,81896.0
weighted avg,0.7631388871493988,0.614767510012699,0.6666188108757426,81896.0
