,precision,recall,f1-score,support
Negative,0.5285414868696832,0.5361430715357679,0.5323151424846341,7996.0
Neutral,0.26233345336694275,0.3175329628418873,0.28730589105250187,9177.0
Positive,0.9007177033492823,0.8729711825107651,0.8866274179983179,66418.0
accuracy,0.7797729420631407,0.7797729420631407,0.7797729420631407,0.7797729420631407
macro avg,0.563864214528636,0.5755490722961402,0.5687494838451513,83591.0
weighted avg,0.7950320040627704,0.7797729420631407,0.7869389992954771,83591.0
