,precision,recall,f1-score,support
Negative,0.28354922279792744,0.2737618809404702,0.27856961058793583,7996.0
Neutral,0.13562338222605694,0.2740547019723221,0.1814508856101872,9177.0
Positive,0.8608135924362419,0.7429874881430959,0.7975723879330548,66417.0
accuracy,0.6466204091398493,0.6466204091398493,0.6466204091398493,0.6466204091398493
macro avg,0.42666206582007543,0.4302680236852961,0.41919762804372596,83590.0
weighted avg,0.725978367424556,0.6466204091398493,0.6802845157657079,83590.0
