,precision,recall,f1-score,support
Negative,0.4346275752773376,0.13717644116543704,0.2085353103317175,7997.0
Neutral,0.1717773146769872,0.2514983109948785,0.2041303674877283,9177.0
Positive,0.842951134767502,0.8583580494120835,0.8505848302202065,66421.0
accuracy,0.7227465757521383,0.7227465757521383,0.7227465757521383,0.7227465757521383
macro avg,0.4831186749072756,0.415677600524133,0.4210835026798841,83595.0
weighted avg,0.7302084390056324,0.7227465757521383,0.7181967374509715,83595.0
