,precision,recall,f1-score,support
Negative,0.3960518198642813,0.4820422975847829,0.4348365976181069,7991.0
Neutral,0.20492830293749129,0.3210118852905899,0.25015932361813314,9171.0
Positive,0.8928367243988565,0.7996536144578313,0.8436799872884723,66400.0
accuracy,0.7167492400852062,0.7167492400852062,0.7167492400852062,0.7167492400852062
macro avg,0.49793894906687636,0.5342359324444014,0.509558636174904,83562.0
weighted avg,0.7698308568351557,0.7167492400852062,0.7394430669972326,83562.0
