,precision,recall,f1-score,support
Negative,0.5493303845681288,0.5632401108591585,0.5561982957019345,7938.0
Neutral,0.2683066361556064,0.3071381794368042,0.28641221374045805,9162.0
Positive,0.9023425475589485,0.8816222800342862,0.8918620836534292,66499.0
accuracy,0.7884304836182251,0.7884304836182251,0.7884304836182251,0.7884304836182251
macro avg,0.5733265227608945,0.584000190110083,0.5781575310319406,83599.0
weighted avg,0.7993359617134415,0.7884304836182251,0.79363565921173,83599.0
