,precision,recall,f1-score,support
Negative,0.2824406017151694,0.25125062531265635,0.26593421139718043,7996.0
Neutral,0.1342676532562356,0.29857251825215214,0.1852352623039481,9177.0
Positive,0.8616907437132156,0.7274492976195853,0.7889000465355507,66417.0
accuracy,0.6348127766479243,0.6348127766479243,0.6348127766479243,0.6348127766479243
macro avg,0.42613299956154016,0.42575748039479794,0.41335650674555974,83590.0
weighted avg,0.7264204262525136,0.6348127766479243,0.6726006501644557,83590.0
