,precision,recall,f1-score,support
Negative,0.4682074652777778,0.5362246800049708,0.49991310896136254,8047.0
Neutral,0.21923076923076923,0.2889655916298134,0.24931366618584522,9271.0
Positive,0.8944929774603021,0.8389136175028291,0.8658122586271333,66275.0
accuracy,0.7487827928175804,0.7487827928175804,0.7487827928175804,0.7487827928175804
macro avg,0.5273104039896164,0.5547012963792044,0.538346344591447,83593.0
weighted avg,0.7785661002214331,0.7487827928175804,0.7622156786756584,83593.0
