,precision,recall,f1-score,support
Negative,0.5519529293940911,0.5498877525567473,0.5509184055979007,8018.0
Neutral,0.27668906308324004,0.32407913433162094,0.29851497608859806,9149.0
Positive,0.9030344126123072,0.8821395236804865,0.8924646841564177,66426.0
accuracy,0.7891928750014954,0.7891928750014954,0.7891928750014954,0.7891928750014954
macro avg,0.5772254683632129,0.5853688035229516,0.5806326886143055,83593.0
weighted avg,0.8008080906082508,0.7891928750014954,0.7946985561242299,83593.0
