,precision,recall,f1-score,support
Negative,0.5425665494726268,0.5403951975987994,0.5414786967418547,7996.0
Neutral,0.26849056603773586,0.31012313392176094,0.28780907114324716,9177.0
Positive,0.9009488366370892,0.882080158993044,0.8914146601240063,66418.0
accuracy,0.7866038209855128,0.7866038209855128,0.7866038209855128,0.7866038209855128
macro avg,0.5706686507158173,0.5775328301712014,0.573567476003036,83591.0
weighted avg,0.7972331935958851,0.7866038209855128,0.7916745391387314,83591.0
