,precision,recall,f1-score,support
Negative,0.2527791604446657,0.3892934713172352,0.3065238167094211,7827.0
Neutral,0.15247016070925096,0.5385040938260677,0.23765228643277422,9038.0
Positive,0.9170891895442007,0.5356194859992328,0.6762688880278961,65175.0
accuracy,0.521977084349098,0.521977084349098,0.521977084349098,0.521977084349098
macro avg,0.4407795035660391,0.4878056837141786,0.40681499705669716,82040.0
weighted avg,0.7694760571652107,0.521977084349098,0.5926729407043172,82040.0
