,precision,recall,f1-score,support
Negative,0.47462077012835474,0.2034767383691846,0.2848389355742297,7996.0
Neutral,0.17576687116564418,0.3121935272965021,0.2249087412175688,9177.0
Positive,0.8613416429175409,0.8282066338437448,0.8444492205190399,66417.0
accuracy,0.7117956693384376,0.7117956693384376,0.7117956693384376,0.7117956693384376
macro avg,0.5039097614038467,0.4479589665031439,0.4513989657702795,83590.0
weighted avg,0.7490825236545969,0.7117956693384376,0.7229015854314899,83590.0
