,precision,recall,f1-score,support
Negative,0.47401103955841767,0.5203231507195153,0.496088578649657,7922.0
Neutral,0.22431034482758622,0.28347314522279116,0.2504451609798354,9179.0
Positive,0.8932775100718856,0.8503534366070086,0.8712871287128713,66490.0
accuracy,0.7568278881697791,0.7568278881697791,0.7568278881697791,0.7568278881697791
macro avg,0.5305329648192965,0.5513832441831049,0.5392736227807879,83591.0
weighted avg,0.7800849583715218,0.7568278881697791,0.767555490911884,83591.0
