,precision,recall,f1-score,support
Negative,0.35713463088794195,0.3880615692654236,0.3719563392107472,7991.0
Neutral,0.19106055177355785,0.465161923454367,0.27086574176957995,9171.0
Positive,0.9093642366463055,0.7196987951807229,0.8034905129002698,66400.0
accuracy,0.6600488260213973,0.6600488260213973,0.6600488260213973,0.6600488260213973
macro avg,0.4858531397692684,0.5243074293001712,0.482104197960199,83562.0
weighted avg,0.7777203091004946,0.6600488260213973,0.70376705776525,83562.0
