,precision,recall,f1-score,support
Negative,0.43501218521527213,0.40177566587470304,0.4177338620555159,7997.0
Neutral,0.21268922076602662,0.4562493189495478,0.29012923119564843,9177.0
Positive,0.9104966119986554,0.7748151939898527,0.8371941697032795,66421.0
accuracy,0.7041569471858364,0.7041569471858364,0.7041569471858364,0.7041569471858364
macro avg,0.5193993393266514,0.5442800596047012,0.5150190876514813,83595.0
weighted avg,0.7884052501907896,0.7041569471858364,0.7370106776171058,83595.0
