,precision,recall,f1-score,support
Negative,0.5129984856133266,0.5047808270209859,0.508856481191713,8053.0
Neutral,0.2446743761412051,0.30550428835088483,0.27172653534183083,9211.0
Positive,0.8930135427867907,0.8639187070317211,0.8782252193570635,66328.0
accuracy,0.7677887836156571,0.7677887836156571,0.7677887836156571,0.7677887836156571
macro avg,0.5502288015137742,0.5580679408011973,0.5529360786302026,83592.0
weighted avg,0.7849635700694207,0.7677887836156571,0.7758112822947864,83592.0
