,precision,recall,f1-score,support
Negative,0.5545340050377834,0.5429769392033543,0.5486946227179264,8109.0
Neutral,0.27953807978621875,0.3200043701518628,0.2984055830064694,9153.0
Positive,0.9007610163250276,0.885063016342037,0.8928430209568999,66332.0
accuracy,0.7900088523099744,0.7900088523099744,0.7900088523099744,0.7900088523099744
macro avg,0.5782777003830099,0.5826814418990848,0.5799810755604319,83594.0
weighted avg,0.7991555377898698,0.7900088523099744,0.7943720154914344,83594.0
