,precision,recall,f1-score,support
Negative,0.38399160465560006,0.503313742653495,0.43562963363818386,7997.0
Neutral,0.21048859156612112,0.576005230467473,0.30831146106736657,9177.0
Positive,0.9546875,0.6899173454178649,0.8009893288819361,66421.0
accuracy,0.6595609785274239,0.6595609785274239,0.6595609785274239,0.6595609785274239
macro avg,0.5163892320739071,0.5897454395129443,0.5149768078624956,83595.0
weighted avg,0.8183950368411164,0.6595609785274239,0.7119518711895072,83595.0
