,precision,recall,f1-score,support
Negative,0.2923076923076923,0.2114542953607603,0.24539254099550142,7997.0
Neutral,0.14123438091631957,0.2438705459300425,0.17887543460016783,9177.0
Positive,0.8472822929442902,0.7904277261709399,0.81786813101219,66421.0
accuracy,0.6750403732280639,0.6750403732280639,0.6750403732280639,0.6750403732280639
macro avg,0.426941455389434,0.4152508558205809,0.41404536886928645,83595.0
weighted avg,0.7166819751026543,0.6750403732280639,0.6929548794022063,83595.0
