,precision,recall,f1-score,support
Negative,0.4716665197849652,0.6693346673336669,0.553378483172207,7996.0
Neutral,0.2553882883480337,0.419636046638335,0.3175296833773087,9177.0
Positive,0.9403295780561193,0.8093259255913395,0.869923370097345,66417.0
accuracy,0.7531522909438928,0.7531522909438928,0.7531522909438928,0.7531522909438928
macro avg,0.5557947953963728,0.6327655465211137,0.5802771788822869,83590.0
weighted avg,0.8203016317756162,0.7531522909438928,0.7789985013464995,83590.0
