,precision,recall,f1-score,support
Negative,0.5542689909657718,0.5447723861930965,0.5494796594134342,7996.0
Neutral,0.26950947603121517,0.31611637790127495,0.2909583270648413,9177.0
Positive,0.9022486955718705,0.8825522048749642,0.8922917681441793,66421.0
accuracy,0.7880589515993971,0.7880589515993971,0.7880589515993971,0.7880589515993971
macro avg,0.5753423875229525,0.5811469896564452,0.5775765848741516,83594.0
weighted avg,0.7995009680345476,0.7880589515993971,0.793486081011178,83594.0
