,precision,recall,f1-score,support
Negative,0.4308618934509671,0.6351131674377891,0.5134192570128886,7997.0
Neutral,0.23468599607866436,0.4304238858014602,0.30375269147954476,9177.0
Positive,0.9361903376018627,0.7748754159076195,0.847928696755274,66421.0
accuracy,0.7236916083497816,0.7236916083497816,0.7236916083497816,0.7236916083497816
macro avg,0.5339127423771647,0.6134708230489564,0.5550335484159025,83595.0
weighted avg,0.8108381405801136,0.7236916083497816,0.7561890569438592,83595.0
