,precision,recall,f1-score,support
Negative,0.43289273004575496,0.6388645742153307,0.5160866710439921,7997.0
Neutral,0.23520975259949803,0.428898332788493,0.30380919300683107,9177.0
Positive,0.9357416589476744,0.7756733563180319,0.8482219295357261,66421.0
accuracy,0.7245170165679765,0.7245170165679765,0.7245170165679765,0.7245170165679765
macro avg,0.534614713864309,0.6144787544406185,0.5560392645288498,83595.0
weighted avg,0.8107334145671988,0.7245170165679765,0.7566834242987615,83595.0
