,precision,recall,f1-score,support
Negative,0.524380704041721,0.49789551869274573,0.5107950215900432,8078.0
Neutral,0.2431040502793296,0.3115909599462967,0.27311954496420515,8938.0
Positive,0.893528572314947,0.8652107302712608,0.8791416754422111,66578.0
accuracy,0.7705218077852477,0.7705218077852477,0.7705218077852477,0.7705218077852477
macro avg,0.5536711088786658,0.5582324029701011,0.5543520806654865,83594.0
weighted avg,0.7883120393357204,0.7705218077852477,0.7787501393028922,83594.0
