,precision,recall,f1-score,support
Negative,0.5506401318291292,0.5432716358179089,0.5469310670443814,7996.0
Neutral,0.2737642585551331,0.3138280483818241,0.29243031933797026,9177.0
Positive,0.9027383600521592,0.8859396877493564,0.8942601401151924,66421.0
accuracy,0.7903557671603225,0.7903557671603225,0.7903557671603225,0.7903557671603225
macro avg,0.5757142501454738,0.5810131239830297,0.577873842165848,83594.0
weighted avg,0.8000100211485351,0.7903557671603225,0.7949678998402113,83594.0
