,precision,recall,f1-score,support
Negative,0.5358030830432621,0.549324496558756,0.5424795468848332,7846.0
Neutral,0.2650058846606512,0.30193317689127275,0.2822669104204753,8949.0
Positive,0.9041825444194481,0.8846199916152603,0.8942942988397878,66788.0
accuracy,0.7907588863764162,0.7907588863764162,0.7907588863764162,0.7907588863764162
macro avg,0.5683305040411205,0.5786258883550963,0.5730135853816988,83583.0
weighted avg,0.801167610974381,0.7907588863764162,0.7957411044964047,83583.0
