,precision,recall,f1-score,support
Negative,0.4563664378764533,0.4074027760410154,0.4304968287526427,7997.0
Neutral,0.22484045164457536,0.4491663942464858,0.2996728462377317,9177.0
Positive,0.911050702819882,0.7972328028786076,0.8503500770811921,66421.0
accuracy,0.7217297685268258,0.7217297685268258,0.7217297685268258,0.7217297685268258
macro avg,0.5307525307803035,0.5512673243887029,0.5268399173571888,83595.0
weighted avg,0.7922222855486529,0.7217297685268258,0.7497324399697161,83595.0
