,precision,recall,f1-score,support
Negative,0.5129488302264481,0.5134627426424546,0.5132056577794468,7985.0
Neutral,0.24311073541842773,0.3139052608600742,0.2740091463414634,9162.0
Positive,0.8955572631611962,0.859488584199991,0.8771522924506566,66443.0
accuracy,0.7666347649240339,0.7666347649240339,0.7666347649240339,0.7666347649240339
macro avg,0.5505389429353573,0.5622855292341732,0.5547890321905222,83590.0
weighted avg,0.7874959708515513,0.7666347649240339,0.7762776497601189,83590.0
