,precision,recall,f1-score,support
Negative,0.48526347127121167,0.4076528698261848,0.44308528712198436,7997.0
Neutral,0.24785541221923907,0.41244415386291816,0.309636780104712,9177.0
Positive,0.9087588871213843,0.8428810165459719,0.87458114304014,66421.0
accuracy,0.7539924636640948,0.7539924636640948,0.7539924636640948,0.7539924636640948
macro avg,0.547292590203945,0.5543260134116916,0.5424344034222788,83595.0
weighted avg,0.7956922679488163,0.7539924636640948,0.7712834963096428,83595.0
